,subject,Test,Score,Mu,Sigma,Tau,SCamp
0,1,Mem_Update,-0.08152390210127107,152.07079978,45.23447839,106.72445752,4.607705314009659
1,2,Mem_Update,0.9559065867414476,154.362654415,42.322657435,120.855988275,4.350217238962859
2,3,Mem_Update,1.1306910712747311,150.13252598,40.677543575,111.727054065,4.196171581769435
3,4,Mem_Update,0.4653823882125532,213.271238975,78.25279067,172.39859476499996,4.6225117370892
4,5,Mem_Update,0.8995244949565181,153.37597089,57.31441017,123.16638393,5.0759957020057245
5,6,Mem_Update,0.4202767147846084,142.774136155,34.42810424,99.036833455,4.744920877998979
6,7,Mem_Update,-1.3726738039761772,150.662465965,37.36556697,175.32081739,3.6870054730258
7,8,Mem_Update,-0.7637472126989288,192.837692075,57.11197565000001,92.24280198,4.215255994815292
8,9,Mem_Update,2.1173776775110134,190.25182089,55.178194465,103.864944985,5.2709611829944585
9,10,Mem_Update,0.04815490900406864,139.05199922999998,25.429333345,118.78651816,2.570770010131709
10,11,Mem_Update,1.1983495814166487,182.220747665,55.42141594,163.62562660999996,5.148259911894275
11,12,Mem_Update,0.6965489645307671,191.25403983,54.12349992,45.717286455,5.180262116716116
12,13,Mem_Update,-1.2429949928708373,160.01538886,54.05055246,100.86096799,4.9923244251087695
13,14,Mem_Update,-1.180974691907414,163.479250135,65.52041635500001,134.732704055,5.0292280945757994
14,15,Mem_Update,-0.9103406513397478,168.09646279499995,50.212823585,62.55620093,4.627702702702694
15,16,Mem_Update,-0.1999262948496251,175.87569932,45.64260703,69.19922793,5.1141186635944695
16,17,Mem_Update,0.3582564138211852,155.99994454,38.69030276,88.584535805,4.835473856209147
17,18,Mem_Update,0.16091909257392906,164.342599385,56.22700839,112.05009554,4.383762820512824
18,19,Mem_Update,1.0292033060618568,170.24517059,57.03860522,94.333945025,5.086203814064361
19,20,Mem_Update,0.12145162832447726,190.675329445,48.28638562,113.182591585,5.446834951456309
20,21,Mem_Update,1.3505812292359602,142.38167033,35.55011941,128.81424965,4.903515527950317
21,22,Mem_Update,-0.3859871977398959,149.902649395,39.625252085,105.09143564,4.186255530973456
22,23,Mem_Update,0.8431424031715873,163.58161244500005,46.15858851,96.5325773,4.681487964989056
23,24,Mem_Update,-2.297340109249036,185.59507939,75.91569855,137.38157547,5.830144032921821
24,25,Mem_Update,-0.5213042180237284,148.670046725,34.3882581,82.896873935,3.871141649048624
25,26,Mem_Update,-1.1358690184794695,181.420656685,55.57542213000001,125.606951375,3.4627769886363624
26,27,Mem_Update,-0.4705603354172912,146.29907865,52.531402205,101.772580395,4.385365439093486
27,28,Mem_Update,0.06506953653954706,157.65721171,41.26247220000001,121.418952025,4.817028676021969
28,29,Mem_Update,-0.2393937590990762,179.09139248,37.72648112,137.98269932,5.164463315217395
29,30,Mem_Update,1.271646300737057,178.67632585500004,51.16956010000001,105.905468645,4.799865642994238
30,31,Mem_Update,-0.4029018252753751,158.32711675500005,39.13057882,136.382408935,3.5762078093977485
31,32,Mem_Update,-0.4085400344538677,146.31628154,42.50577182,109.171008125,5.224154528182393
32,33,Mem_Update,0.20602476600187314,146.43443288,53.4749681,130.76394503,5.1406473594548565
33,34,Mem_Update,0.20038655682337947,167.013891655,65.11935074,128.59129744,4.795676258992807
34,35,Mem_Update,1.2039877905951404,150.634135155,57.743122665,124.953257025,3.2288896103896136
35,36,Mem_Update,-1.2542714112278237,133.40833785,27.6329722,119.343968795,4.291958820255978
36,37,Mem_Update,-0.6002391465226312,141.939818145,53.994471165,110.06232085,5.870077476480362
37,38,Mem_Update,0.6232522452103577,140.66417755,31.76416333,225.24117630000003,5.4006887052341535
38,39,Mem_Update,-0.5664098914516732,173.68504282,47.46669677,80.87046380000002,4.157159863945576
39,40,Mem_Update,0.2003865568233801,185.592609615,43.47614537,81.242785365,4.667697802197807
40,41,Mem_Update,1.5479185504832158,158.78641972999995,56.394015875,117.259963545,4.870264005151312
41,42,Mem_Update,-0.5100277996667424,169.79067043499995,48.99104703,124.73146493,3.3954834684965736
42,43,Mem_Update,-0.7299179576279708,153.58666449999996,45.39721077,109.615002625,3.798125948406671
43,44,Mem_Update,-0.8483203503763247,171.00265323,69.53126866,162.81103116,5.917180385288956
44,45,Mem_Update,-0.14918241224318793,149.83367852499995,70.446392965,122.436703325,5.2322367560497085
45,46,Mem_Update,0.5217644799974834,193.212004075,55.38966599,124.544862275,5.335242847638054
46,47,Mem_Update,-1.4459705232965867,170.686761935,63.160988205,69.79566292999999,4.2804693539480985
47,48,Mem_Update,-0.3014140600625004,175.929584825,49.497749065,121.95680785,5.787790988735922
48,49,Mem_Update,0.27368327614379,169.165692905,66.19359987499999,146.102280885,4.1040228013029365
49,50,Mem_Update,-0.5043895904882496,175.045198255,35.19831534,98.99332438,4.773405438813347
50,51,Mem_Update,1.5648331780186957,157.972587705,41.04453065,101.95676622,4.812025641025628
51,52,Mem_Update,-0.00822718278086217,171.90609681,66.45162258,162.63796059,3.6177374784110534
52,53,Mem_Update,-1.8801126300405504,156.21999767,55.071101745,139.16150585,5.508465189873422
53,54,Mem_Update,0.5048498524620038,166.45541621,50.757710515,103.25632294,4.390700169395826
54,55,Mem_Update,-1.7842630740061691,161.688300625,71.05061842500002,109.60879840000001,5.439911624745064
55,56,Mem_Update,-0.2393937590990762,169.158647265,57.22857407,82.30270446,4.786876015159722
56,57,Mem_Update,-0.3014140600625004,167.227772425,48.21817191,144.943318115,5.158423566878978
57,58,Mem_Update,-1.4741615691890515,151.395986735,70.449466255,161.246648075,4.047190022010274
58,59,Mem_Update,0.6063376176748779,201.12164462,64.90592082,140.85490922,4.816730632551527
59,60,Mem_Update,-0.5269424272022217,149.32248554,24.923520875,99.872267955,4.444181818181813
60,61,Mem_Update,-1.468523360010559,191.910128045,58.644181265,107.635368445,4.3569670602858945
61,62,Mem_Update,0.8205895664576139,208.114324165,46.54421194,134.17438285,5.243466026080988
62,63,Mem_Update,-0.284499432527021,167.96095244999995,49.794810115,126.262963815,4.479237179487176
63,64,Mem_Update,0.4484677606770736,126.448138865,45.04733461,187.059458105,3.5692935178441347
64,65,Mem_Update,2.4669466465775827,150.31869346000005,33.07439943,82.37454715000001,4.986275894538612
65,66,Mem_Update,0.6683579186383025,142.152408095,46.608878875,129.96798863499998,3.987360230547553
66,67,Mem_Update,-1.3501209672622048,149.119018385,41.45084863,111.654701675,4.891237652527591
67,68,Mem_Update,-0.9441699064107066,132.94607198,13.975450215,123.85382123,5.629186991869908
68,69,Mem_Update,0.7134635920662473,193.12660227,70.8038723,111.53530975,3.728668326073425
69,70,Mem_Update,1.8467436369433468,154.73529006,63.271945345,85.54649319500002,4.4425100286532935
70,71,Mem_Update,-1.1527836460149483,174.80656821,58.6479184,112.525510515,5.2900117924528365
71,72,Mem_Update,2.280885743687312,138.235287485,46.886500785,111.06764253,4.739487323943658
72,73,Mem_Update,-0.391625406918389,154.73943895,64.95896729,195.34271704,5.9611373976342135
73,74,Mem_Update,-1.0794869266945386,180.87865332,62.795960805,99.999492985,4.6003990470518215
74,75,Mem_Update,0.16091909257392964,184.34403974,60.16454612,139.09472978,6.1039335180055465
75,76,Mem_Update,-1.2599096204063165,124.153996155,20.61339686,159.81715987,4.470197413206267
76,77,Mem_Update,-0.002588973602369152,143.29099596499995,21.67400127,105.081631475,4.29246035805627
77,78,Mem_Update,-0.7524707943419428,182.999999015,52.72852303000001,102.845363005,5.3669823160296675
78,79,Mem_Update,0.4371913423200875,158.62054402,44.8102068,68.39936165,4.33336653386454
79,81,Mem_Update,-1.1584218551934415,212.51479829,73.160199885,99.93913337,4.017699115044241
80,82,Mem_Update,1.311113764986509,199.094033,39.322532655,80.53566765,3.102671927846675
81,83,Mem_Update,-0.977999161481664,165.435315695,53.669162555,159.559788395,4.225899788285111
82,84,Mem_Update,1.9933370755841664,170.890430035,50.50733459,100.10477661,4.412037887485655
83,85,Mem_Update,-1.2486332020493305,121.377475515,32.86098695,146.444340515,3.8461483409238792
84,87,Mem_Update,-1.186612901085907,161.911387805,45.67633638,157.55230059000004,4.184038893044127
85,88,Mem_Update,2.015889912298138,161.25900253,45.86279077,100.50512306,3.738537378114848
86,89,Mem_Update,-0.41417824363236105,153.84194935,25.046656875,187.633783205,3.766705069124433
87,90,Mem_Update,-0.36907257020441625,147.89342397500005,44.65344623,96.947023295,5.248224043715855
88,91,Mem_Update,0.11581341914598485,152.50524879,33.757780185,98.887866815,2.9440817356205784
89,92,Mem_Update,-0.5325806363807147,158.028058125,55.99669426,108.92595975,5.015586249232659
90,93,Mem_Update,0.7698456838511775,120.7857803,34.180375299999994,173.63367576,3.1263422459893055
91,94,Mem_Update,0.3526182046426929,150.271690455,43.706243335,163.19341401,4.859743384121892
92,95,Mem_Update,-0.3014140600625004,184.52066924,51.160076445,131.761452085,5.746412466843497
93,96,Mem_Update,0.4992116432835113,159.202540565,43.798247315,95.67161811,5.17785373608902
94,97,Mem_Update,0.3413417862857062,186.83147475,40.26778385500001,113.826037765,5.3602444987775115
95,98,Mem_Update,1.0066504693478855,173.90398971500005,52.2592168,146.766366415,6.095942446043162
96,99,Mem_Update,1.096861816203773,196.01213858,48.068816155,116.39222179999999,4.6554131424853615
97,100,Mem_Update,-0.31832868759797944,190.755413825,57.24767995,89.400578535,4.608359756097559
98,1,OSPAN,-0.3229533683782113,152.07079978,45.23447839,106.72445752,4.607705314009659
99,2,OSPAN,0.9183986413255372,154.362654415,42.322657435,120.855988275,4.350217238962859
100,3,OSPAN,0.3633225394254865,150.13252598,40.677543575,111.727054065,4.196171581769435
101,4,OSPAN,1.1202444965619192,213.271238975,78.25279067,172.39859476499996,4.6225117370892
102,5,OSPAN,1.009229276181909,153.37597089,57.31441017,123.16638393,5.0759957020057245
103,6,OSPAN,1.009229276181909,142.774136155,34.42810424,99.036833455,4.744920877998979
104,7,OSPAN,1.009229276181909,150.662465965,37.36556697,175.32081739,3.6870054730258
105,8,OSPAN,0.8679371775164416,192.837692075,57.11197565000001,92.24280198,4.215255994815292
106,9,OSPAN,1.291813473512844,190.25182089,55.178194465,103.864944985,5.2709611829944585
107,10,OSPAN,-1.0495984472291855,139.05199922999998,25.429333345,118.78651816,2.570770010131709
108,11,OSPAN,-1.4028286938928538,182.220747665,55.42141594,163.62562660999996,5.148259911894275
109,12,OSPAN,0.2422150262836573,191.25403983,54.12349992,45.717286455,5.180262116716116
110,13,OSPAN,0.04036917104727528,160.01538886,54.05055246,100.86096799,4.9923244251087695
111,14,OSPAN,-0.22203044076002024,163.479250135,65.52041635500001,134.732704055,5.0292280945757994
112,15,OSPAN,1.009229276181909,168.09646279499995,50.212823585,62.55620093,4.627702702702694
113,16,OSPAN,-0.39359941771094503,175.87569932,45.64260703,69.19922793,5.1141186635944695
114,17,OSPAN,0.9587678123728146,155.99994454,38.69030276,88.584535805,4.835473856209147
115,18,OSPAN,1.1202444965619192,164.342599385,56.22700839,112.05009554,4.383762820512824
116,19,OSPAN,-0.7165527860891562,170.24517059,57.03860522,94.333945025,5.086203814064361
117,20,OSPAN,1.291813473512844,190.675329445,48.28638562,113.182591585,5.446834951456309
118,21,OSPAN,-0.08073834209455169,142.38167033,35.55011941,128.81424965,4.903515527950317
119,22,OSPAN,-2.1597506510292868,149.902649395,39.625252085,105.09143564,4.186255530973456
120,23,OSPAN,-1.917535624745627,163.58161244500005,46.15858851,96.5325773,4.681487964989056
121,24,OSPAN,-0.8982140558019001,185.59507939,75.91569855,137.38157547,5.830144032921821
122,25,OSPAN,-0.12110751314182926,148.670046725,34.3882581,82.896873935,3.871141649048624
123,26,OSPAN,0.04036917104727528,181.420656685,55.57542213000001,125.606951375,3.4627769886363624
124,27,OSPAN,0.16147668418910566,146.29907865,52.531402205,101.772580395,4.385365439093486
125,28,OSPAN,0.2825841973309348,157.65721171,41.26247220000001,121.418952025,4.817028676021969
126,29,OSPAN,0.4642454670436775,179.09139248,37.72648112,137.98269932,5.164463315217395
127,30,OSPAN,0.5752606874236887,178.67632585500004,51.16956010000001,105.905468645,4.799865642994238
128,31,OSPAN,0.15138439142728652,158.32711675500005,39.13057882,136.382408935,3.5762078093977485
129,32,OSPAN,0.25230731904547754,146.31628154,42.50577182,109.171008125,5.224154528182393
130,33,OSPAN,0.7468296643746124,146.43443288,53.4749681,130.76394503,5.1406473594548565
131,34,OSPAN,1.0798753255146438,167.013891655,65.11935074,128.59129744,4.795676258992807
132,35,OSPAN,1.1202444965619192,150.634135155,57.743122665,124.953257025,3.2288896103896136
133,36,OSPAN,0.1412920986654663,133.40833785,27.6329722,119.343968795,4.291958820255978
134,37,OSPAN,-0.010092292761819102,141.939818145,53.994471165,110.06232085,5.870077476480362
135,38,OSPAN,0.9183986413255372,140.66417755,31.76416333,225.24117630000003,5.4006887052341535
136,39,OSPAN,-0.3431379539018495,173.68504282,47.46669677,80.87046380000002,4.157159863945576
137,40,OSPAN,-0.3330456611400292,185.592609615,43.47614537,81.242785365,4.667697802197807
138,41,OSPAN,0.9587678123728146,158.78641972999995,56.394015875,117.259963545,4.870264005151312
139,42,OSPAN,-2.099196894458371,169.79067043499995,48.99104703,124.73146493,3.3954834684965736
140,43,OSPAN,0.6358144439946034,153.58666449999996,45.39721077,109.615002625,3.798125948406671
141,44,OSPAN,-0.9486755196109944,171.00265323,69.53126866,162.81103116,5.917180385288956
142,45,OSPAN,0.5348915163764124,149.83367852499995,70.446392965,122.436703325,5.2322367560497085
143,46,OSPAN,0.6156298584709641,193.212004075,55.38966599,124.544862275,5.335242847638054
144,47,OSPAN,-0.4036917104727629,170.686761935,63.160988205,69.79566292999999,4.2804693539480985
145,48,OSPAN,0.5247992236145933,175.929584825,49.497749065,121.95680785,5.787790988735922
146,49,OSPAN,-0.6459067367564225,169.165692905,66.19359987499999,146.102280885,4.1040228013029365
147,50,OSPAN,0.7064604933273371,175.045198255,35.19831534,98.99332438,4.773405438813347
148,51,OSPAN,-0.21193814799820115,157.972587705,41.04453065,101.95676622,4.812025641025628
149,52,OSPAN,-0.10092292761819102,171.90609681,66.45162258,162.63796059,3.6177374784110534
150,53,OSPAN,-4.0066402264421805,156.21999767,55.071101745,139.16150585,5.508465189873422
151,54,OSPAN,0.6660913222800596,166.45541621,50.757710515,103.25632294,4.390700169395826
152,55,OSPAN,0.0,161.688300625,71.05061842500002,109.60879840000001,5.439911624745064
153,56,OSPAN,-0.03027687828545618,169.158647265,57.22857407,82.30270446,4.786876015159722
154,57,OSPAN,-1.3826441083692158,167.227772425,48.21817191,144.943318115,5.158423566878978
155,58,OSPAN,-0.908306348563718,151.395986735,70.449466255,161.246648075,4.047190022010274
156,59,OSPAN,-1.009229276181909,201.12164462,64.90592082,140.85490922,4.816730632551527
157,60,OSPAN,-2.0487354306492755,149.32248554,24.923520875,99.872267955,4.444181818181813
158,61,OSPAN,-0.4642454670436787,191.910128045,58.644181265,107.635368445,4.3569670602858945
159,62,OSPAN,0.0908306348563708,208.114324165,46.54421194,134.17438285,5.243466026080988
160,63,OSPAN,0.4642454670436775,167.96095244999995,49.794810115,126.262963815,4.479237179487176
161,64,OSPAN,0.5752606874236887,126.448138865,45.04733461,187.059458105,3.5692935178441347
162,65,OSPAN,0.4238762959964023,150.31869346000005,33.07439943,82.37454715000001,4.986275894538612
163,66,OSPAN,0.9183986413255372,142.152408095,46.608878875,129.96798863499998,3.987360230547553
164,67,OSPAN,-1.7055974767474271,149.119018385,41.45084863,111.654701675,4.891237652527591
165,68,OSPAN,0.8679371775164416,132.94607198,13.975450215,123.85382123,5.629186991869908
166,69,OSPAN,-0.5449838091382315,193.12660227,70.8038723,111.53530975,3.728668326073425
167,70,OSPAN,1.291813473512844,154.73529006,63.271945345,85.54649319500002,4.4425100286532935
168,71,OSPAN,-2.270765871409296,174.80656821,58.6479184,112.525510515,5.2900117924528365
169,72,OSPAN,1.1202444965619192,138.235287485,46.886500785,111.06764253,4.739487323943658
170,73,OSPAN,0.6156298584709641,154.73943895,64.95896729,195.34271704,5.9611373976342135
171,74,OSPAN,-1.5542130853201406,180.87865332,62.795960805,99.999492985,4.6003990470518215
172,75,OSPAN,-0.03027687828545618,184.34403974,60.16454612,139.09472978,6.1039335180055465
173,76,OSPAN,-0.2926764900927539,124.153996155,20.61339686,159.81715987,4.470197413206267
174,77,OSPAN,0.9183986413255372,143.29099596499995,21.67400127,105.081631475,4.29246035805627
175,78,OSPAN,0.38350712494912587,182.999999015,52.72852303000001,102.845363005,5.3669823160296675
176,79,OSPAN,1.1202444965619192,158.62054402,44.8102068,68.39936165,4.33336653386454
177,81,OSPAN,-1.8872587464601696,212.51479829,73.160199885,99.93913337,4.017699115044241
178,82,OSPAN,0.4642454670436775,199.094033,39.322532655,80.53566765,3.102671927846675
179,83,OSPAN,0.7064604933273371,165.435315695,53.669162555,159.559788395,4.225899788285111
180,84,OSPAN,0.5651683946618685,170.890430035,50.50733459,100.10477661,4.412037887485655
181,85,OSPAN,-0.3330456611400292,121.377475515,32.86098695,146.444340515,3.8461483409238792
182,87,OSPAN,0.2825841973309348,161.911387805,45.67633638,157.55230059000004,4.184038893044127
183,88,OSPAN,-0.3330456611400292,161.25900253,45.86279077,100.50512306,3.738537378114848
184,89,OSPAN,0.8477525919928034,153.84194935,25.046656875,187.633783205,3.766705069124433
185,90,OSPAN,0.11101522038001012,147.89342397500005,44.65344623,96.947023295,5.248224043715855
186,91,OSPAN,-2.704734460167517,152.50524879,33.757780185,98.887866815,2.9440817356205784
187,92,OSPAN,0.4945223453291349,158.028058125,55.99669426,108.92595975,5.015586249232659
188,93,OSPAN,0.0908306348563708,120.7857803,34.180375299999994,173.63367576,3.1263422459893055
189,94,OSPAN,0.8477525919928034,150.271690455,43.706243335,163.19341401,4.859743384121892
190,95,OSPAN,0.5046146380909551,184.52066924,51.160076445,131.761452085,5.746412466843497
191,96,OSPAN,0.7468296643746124,159.202540565,43.798247315,95.67161811,5.17785373608902
192,97,OSPAN,-0.1816612697127427,186.83147475,40.26778385500001,113.826037765,5.3602444987775115
193,98,OSPAN,-0.4642454670436787,173.90398971500005,52.2592168,146.766366415,6.095942446043162
194,99,OSPAN,-0.6257221512327832,196.01213858,48.068816155,116.39222179999999,4.6554131424853615
195,100,OSPAN,-0.12110751314182926,190.755413825,57.24767995,89.400578535,4.608359756097559
196,1,RAPM,1.3420091496576434,152.07079978,45.23447839,106.72445752,4.607705314009659
197,2,RAPM,-0.6209296065580149,154.362654415,42.322657435,120.855988275,4.350217238962859
198,3,RAPM,0.9494213984145116,150.13252598,40.677543575,111.727054065,4.196171581769435
199,4,RAPM,-0.2283418553148831,213.271238975,78.25279067,172.39859476499996,4.6225117370892
200,5,RAPM,1.7345969009007751,153.37597089,57.31441017,123.16638393,5.0759957020057245
201,6,RAPM,-1.406105109044278,142.774136155,34.42810424,99.036833455,4.744920877998979
202,7,RAPM,-1.0135173578011465,150.662465965,37.36556697,175.32081739,3.6870054730258
203,8,RAPM,0.9494213984145116,192.837692075,57.11197565000001,92.24280198,4.215255994815292
204,9,RAPM,0.9494213984145116,190.25182089,55.178194465,103.864944985,5.2709611829944585
205,10,RAPM,0.5568336471713803,139.05199922999998,25.429333345,118.78651816,2.570770010131709
206,11,RAPM,-1.406105109044278,182.220747665,55.42141594,163.62562660999996,5.148259911894275
207,12,RAPM,0.5568336471713803,191.25403983,54.12349992,45.717286455,5.180262116716116
208,13,RAPM,0.9494213984145116,160.01538886,54.05055246,100.86096799,4.9923244251087695
209,14,RAPM,-1.7986928602874095,163.479250135,65.52041635500001,134.732704055,5.0292280945757994
210,15,RAPM,-1.0135173578011465,168.09646279499995,50.212823585,62.55620093,4.627702702702694
211,16,RAPM,-0.6209296065580149,175.87569932,45.64260703,69.19922793,5.1141186635944695
212,17,RAPM,0.5568336471713803,155.99994454,38.69030276,88.584535805,4.835473856209147
213,18,RAPM,0.9494213984145116,164.342599385,56.22700839,112.05009554,4.383762820512824
214,19,RAPM,0.16424589592824848,170.24517059,57.03860522,94.333945025,5.086203814064361
215,20,RAPM,-1.406105109044278,190.675329445,48.28638562,113.182591585,5.446834951456309
216,21,RAPM,0.16424589592824848,142.38167033,35.55011941,128.81424965,4.903515527950317
217,22,RAPM,-1.7986928602874095,149.902649395,39.625252085,105.09143564,4.186255530973456
218,23,RAPM,0.9494213984145116,163.58161244500005,46.15858851,96.5325773,4.681487964989056
219,24,RAPM,-0.6209296065580149,185.59507939,75.91569855,137.38157547,5.830144032921821
220,25,RAPM,0.5568336471713803,148.670046725,34.3882581,82.896873935,3.871141649048624
221,26,RAPM,0.16424589592824848,181.420656685,55.57542213000001,125.606951375,3.4627769886363624
222,27,RAPM,-0.6209296065580149,146.29907865,52.531402205,101.772580395,4.385365439093486
223,28,RAPM,-0.2283418553148831,157.65721171,41.26247220000001,121.418952025,4.817028676021969
224,29,RAPM,1.7345969009007751,179.09139248,37.72648112,137.98269932,5.164463315217395
225,30,RAPM,0.16424589592824848,178.67632585500004,51.16956010000001,105.905468645,4.799865642994238
226,31,RAPM,-1.0135173578011465,158.32711675500005,39.13057882,136.382408935,3.5762078093977485
227,32,RAPM,-0.6209296065580149,146.31628154,42.50577182,109.171008125,5.224154528182393
228,33,RAPM,0.9494213984145116,146.43443288,53.4749681,130.76394503,5.1406473594548565
229,34,RAPM,0.5568336471713803,167.013891655,65.11935074,128.59129744,4.795676258992807
230,35,RAPM,-0.6209296065580149,150.634135155,57.743122665,124.953257025,3.2288896103896136
231,36,RAPM,0.5568336471713803,133.40833785,27.6329722,119.343968795,4.291958820255978
232,37,RAPM,0.5568336471713803,141.939818145,53.994471165,110.06232085,5.870077476480362
233,38,RAPM,2.1271846521439066,140.66417755,31.76416333,225.24117630000003,5.4006887052341535
234,39,RAPM,-0.2283418553148831,173.68504282,47.46669677,80.87046380000002,4.157159863945576
235,40,RAPM,0.9494213984145116,185.592609615,43.47614537,81.242785365,4.667697802197807
236,41,RAPM,0.16424589592824848,158.78641972999995,56.394015875,117.259963545,4.870264005151312
237,42,RAPM,-0.2283418553148831,169.79067043499995,48.99104703,124.73146493,3.3954834684965736
238,43,RAPM,-0.6209296065580149,153.58666449999996,45.39721077,109.615002625,3.798125948406671
239,44,RAPM,-1.406105109044278,171.00265323,69.53126866,162.81103116,5.917180385288956
240,45,RAPM,0.16424589592824848,149.83367852499995,70.446392965,122.436703325,5.2322367560497085
241,46,RAPM,0.16424589592824848,193.212004075,55.38966599,124.544862275,5.335242847638054
242,47,RAPM,0.5568336471713803,170.686761935,63.160988205,69.79566292999999,4.2804693539480985
243,48,RAPM,0.16424589592824848,175.929584825,49.497749065,121.95680785,5.787790988735922
244,49,RAPM,0.5568336471713803,169.165692905,66.19359987499999,146.102280885,4.1040228013029365
245,50,RAPM,0.5568336471713803,175.045198255,35.19831534,98.99332438,4.773405438813347
246,51,RAPM,1.3420091496576434,157.972587705,41.04453065,101.95676622,4.812025641025628
247,52,RAPM,0.16424589592824848,171.90609681,66.45162258,162.63796059,3.6177374784110534
248,53,RAPM,-1.406105109044278,156.21999767,55.071101745,139.16150585,5.508465189873422
249,54,RAPM,-0.6209296065580149,166.45541621,50.757710515,103.25632294,4.390700169395826
250,55,RAPM,-1.7986928602874095,161.688300625,71.05061842500002,109.60879840000001,5.439911624745064
251,56,RAPM,-0.2283418553148831,169.158647265,57.22857407,82.30270446,4.786876015159722
252,57,RAPM,-1.0135173578011465,167.227772425,48.21817191,144.943318115,5.158423566878978
253,58,RAPM,-1.406105109044278,151.395986735,70.449466255,161.246648075,4.047190022010274
254,59,RAPM,1.7345969009007751,201.12164462,64.90592082,140.85490922,4.816730632551527
255,60,RAPM,0.9494213984145116,149.32248554,24.923520875,99.872267955,4.444181818181813
256,61,RAPM,-1.0135173578011465,191.910128045,58.644181265,107.635368445,4.3569670602858945
257,62,RAPM,-0.2283418553148831,208.114324165,46.54421194,134.17438285,5.243466026080988
258,63,RAPM,0.5568336471713803,167.96095244999995,49.794810115,126.262963815,4.479237179487176
259,64,RAPM,0.9494213984145116,126.448138865,45.04733461,187.059458105,3.5692935178441347
260,65,RAPM,-1.0135173578011465,150.31869346000005,33.07439943,82.37454715000001,4.986275894538612
261,66,RAPM,0.16424589592824848,142.152408095,46.608878875,129.96798863499998,3.987360230547553
262,67,RAPM,-1.0135173578011465,149.119018385,41.45084863,111.654701675,4.891237652527591
263,68,RAPM,0.16424589592824848,132.94607198,13.975450215,123.85382123,5.629186991869908
264,69,RAPM,-1.0135173578011465,193.12660227,70.8038723,111.53530975,3.728668326073425
265,70,RAPM,-2.1912806115305408,154.73529006,63.271945345,85.54649319500002,4.4425100286532935
266,71,RAPM,-0.6209296065580149,174.80656821,58.6479184,112.525510515,5.2900117924528365
267,72,RAPM,2.1271846521439066,138.235287485,46.886500785,111.06764253,4.739487323943658
268,73,RAPM,-0.2283418553148831,154.73943895,64.95896729,195.34271704,5.9611373976342135
269,74,RAPM,0.5568336471713803,180.87865332,62.795960805,99.999492985,4.6003990470518215
270,75,RAPM,1.3420091496576434,184.34403974,60.16454612,139.09472978,6.1039335180055465
271,76,RAPM,0.16424589592824848,124.153996155,20.61339686,159.81715987,4.470197413206267
272,77,RAPM,-1.0135173578011465,143.29099596499995,21.67400127,105.081631475,4.29246035805627
273,78,RAPM,0.5568336471713803,182.999999015,52.72852303000001,102.845363005,5.3669823160296675
274,79,RAPM,0.9494213984145116,158.62054402,44.8102068,68.39936165,4.33336653386454
275,81,RAPM,-0.2283418553148831,212.51479829,73.160199885,99.93913337,4.017699115044241
276,82,RAPM,0.16424589592824848,199.094033,39.322532655,80.53566765,3.102671927846675
277,83,RAPM,-1.0135173578011465,165.435315695,53.669162555,159.559788395,4.225899788285111
278,84,RAPM,2.1271846521439066,170.890430035,50.50733459,100.10477661,4.412037887485655
279,85,RAPM,-1.406105109044278,121.377475515,32.86098695,146.444340515,3.8461483409238792
280,87,RAPM,0.5568336471713803,161.911387805,45.67633638,157.55230059000004,4.184038893044127
281,88,RAPM,-1.406105109044278,161.25900253,45.86279077,100.50512306,3.738537378114848
282,89,RAPM,0.16424589592824848,153.84194935,25.046656875,187.633783205,3.766705069124433
283,90,RAPM,-1.406105109044278,147.89342397500005,44.65344623,96.947023295,5.248224043715855
284,91,RAPM,0.16424589592824848,152.50524879,33.757780185,98.887866815,2.9440817356205784
285,92,RAPM,1.3420091496576434,158.028058125,55.99669426,108.92595975,5.015586249232659
286,93,RAPM,-1.0135173578011465,120.7857803,34.180375299999994,173.63367576,3.1263422459893055
287,94,RAPM,-1.406105109044278,150.271690455,43.706243335,163.19341401,4.859743384121892
288,95,RAPM,0.16424589592824848,184.52066924,51.160076445,131.761452085,5.746412466843497
289,96,RAPM,0.5568336471713803,159.202540565,43.798247315,95.67161811,5.17785373608902
290,97,RAPM,0.16424589592824848,186.83147475,40.26778385500001,113.826037765,5.3602444987775115
291,98,RAPM,0.5568336471713803,173.90398971500005,52.2592168,146.766366415,6.095942446043162
292,99,RAPM,1.7345969009007751,196.01213858,48.068816155,116.39222179999999,4.6554131424853615
293,100,RAPM,-0.6209296065580149,190.755413825,57.24767995,89.400578535,4.608359756097559
